{
  "model_info": {
    "name": "/data1/zhaofanghan/.cache/huggingface/hub/DeepSeek-R1-Distill-Qwen-1.5B",
    "device": "GPU: NVIDIA GeForce RTX 3090 (x8)",
    "batch_size": 5
  },
  "timing": {
    "total_time": 20.01706886291504,
    "avg_latency": 6.671949466069539,
    "p50_latency": 6.605230093002319,
    "p95_latency": 6.823988699913025,
    "p99_latency": 6.8434339094161984,
    "time_to_first_token": 1.395307741667095,
    "time_per_output_token": 0.03233578093410116,
    "latencies": [
      6.562323093414307,
      6.605230093002319,
      6.848295211791992
    ],
    "first_token_times": [
      2.5078182220458984,
      1.355266809463501,
      1.3241605758666992,
      1.3120923042297363,
      1.3219685554504395,
      1.317338228225708,
      1.3056128025054932,
      1.3106133937835693,
      1.3052713871002197,
      1.335587501525879,
      1.3139164447784424,
      1.3123934268951416,
      1.3268959522247314,
      1.3149702548980713,
      1.318368673324585,
      1.3184843063354492,
      1.321026086807251,
      1.3356304168701172,
      1.553431749343872
    ]
  },
  "throughput": {
    "tokens_per_second": 30.92360845831933,
    "requests_per_second": 0.14987209268975443,
    "token_counts": [
      205,
      201,
      213
    ]
  },
  "memory": {
    "gpu_memory_peak": 3407.9677734375,
    "gpu_memory_used": 3397.65185546875,
    "cpu_memory_used": 1792.16015625
  }
}