{
  "model_info": {
    "name": "/data1/zhaofanghan/.cache/huggingface/hub/DeepSeek-R1-Distill-Qwen-1.5B",
    "device": "GPU: NVIDIA GeForce RTX 3090 (x8)",
    "batch_size": 5
  },
  "timing": {
    "total_time": 2.4340832233428955,
    "avg_latency": 0.8107585906982422,
    "p50_latency": 0.8193562030792236,
    "p95_latency": 0.8508412599563598,
    "p99_latency": 0.853639931678772,
    "time_to_first_token": 0.8116298198699952,
    "time_per_output_token": 0.0038243329749917086,
    "latencies": [
      0.854339599609375,
      0.8193562030792236,
      0.7585799694061279
    ],
    "first_token_times": [
      0.8228051662445068,
      0.8042581081390381,
      0.8539035320281982,
      0.8190569877624512,
      0.7581253051757812
    ]
  },
  "throughput": {
    "tokens_per_second": 261.2893404386301,
    "requests_per_second": 1.232496888861463,
    "token_counts": [
      209,
      216,
      211
    ]
  },
  "memory": {
    "gpu_memory_peak": 0.0,
    "gpu_memory_used": 0.0,
    "cpu_memory_used": 1999.328125
  }
}