{
  "model_info": {
    "name": "/data1/zhaofanghan/.cache/huggingface/hub/DeepSeek-R1-Distill-Qwen-1.5B",
    "device": "GPU: NVIDIA GeForce RTX 3090 (x8)",
    "batch_size": 5
  },
  "timing": {
    "total_time": 19.287895917892456,
    "avg_latency": 6.428856134414673,
    "p50_latency": 6.415475368499756,
    "p95_latency": 6.510842275619507,
    "p99_latency": 6.519319334030151,
    "time_to_first_token": 1.337485865542763,
    "time_per_output_token": 0.03156557840138137,
    "latencies": [
      6.5214385986328125,
      6.415475368499756,
      6.34965443611145
    ],
    "first_token_times": [
      2.3011093139648438,
      1.272385835647583,
      1.2773680686950684,
      1.2795820236206055,
      1.2845263481140137,
      1.2660763263702393,
      1.283229112625122,
      1.2943031787872314,
      1.3917863368988037,
      1.2719595432281494,
      1.2739663124084473,
      1.2668991088867188,
      1.319662094116211,
      1.2812390327453613,
      1.2732019424438477,
      1.2762186527252197,
      1.2708604335784912,
      1.278069257736206,
      1.249788522720337
    ]
  },
  "throughput": {
    "tokens_per_second": 31.677898024802417,
    "requests_per_second": 0.15553796084191038,
    "token_counts": [
      187,
      206,
      218
    ]
  },
  "memory": {
    "gpu_memory_peak": 0.0,
    "gpu_memory_used": 0.0,
    "cpu_memory_used": 1800.20703125
  }
}