{
  "model_info": {
    "name": "/data1/zhaofanghan/.cache/huggingface/hub/DeepSeek-R1-Distill-Qwen-1.5B",
    "device": "GPU: NVIDIA GeForce RTX 3090 (x8)",
    "batch_size": 5
  },
  "timing": {
    "total_time": 11.895889282226562,
    "avg_latency": 11.895455837249756,
    "p50_latency": 11.895455837249756,
    "p95_latency": 11.895455837249756,
    "p99_latency": 11.895455837249756,
    "time_to_first_token": 2.3867113060421414,
    "time_per_output_token": 0.053583134402025924,
    "latencies": [
      11.895455837249756
    ],
    "first_token_times": [
      2.417651653289795,
      2.420701265335083,
      2.3727009296417236,
      2.375711679458618,
      2.3828797340393066,
      2.376129388809204,
      2.3733394145965576,
      2.3816111087799072,
      2.379676580429077
    ]
  },
  "throughput": {
    "tokens_per_second": 18.661908726040874,
    "requests_per_second": 0.08406265191910303,
    "token_counts": [
      222
    ]
  },
  "memory": {
    "gpu_memory_peak": 4074.0,
    "gpu_memory_used": 4074.0,
    "cpu_memory_used": 3866.26171875
  }
}