{
  "model_info": {
    "name": "/data1/zhaofanghan/.cache/huggingface/hub/DeepSeek-R1-Distill-Qwen-1.5B",
    "device": "GPU: NVIDIA GeForce RTX 3090 (x8)",
    "batch_size": 10
  },
  "timing": {
    "total_time": 223.58293533325195,
    "avg_latency": 44.71618218421936,
    "p50_latency": 44.95737600326538,
    "p95_latency": 45.40848445892334,
    "p99_latency": 45.47410144805908,
    "time_to_first_token": 4.477751356060222,
    "time_per_output_token": 0.05338608188182827,
    "latencies": [
      44.95737600326538,
      45.49050569534302,
      45.08039951324463,
      44.03560209274292,
      44.017027616500854
    ],
    "first_token_times": [
      4.483235120773315,
      4.503023147583008,
      4.492446422576904,
      4.50938606262207,
      4.496864080429077,
      4.518049478530884,
      4.523163795471191,
      4.597458839416504,
      4.497322082519531,
      4.49110221862793,
      4.518490314483643,
      4.509312868118286,
      4.511639356613159,
      4.492640972137451,
      4.474944829940796,
      4.501908302307129,
      4.493239402770996,
      4.479297399520874,
      4.481869459152222,
      4.4924280643463135,
      4.474259853363037,
      4.5376503467559814,
      4.554067611694336,
      4.603273630142212,
      4.55407977104187,
      4.627131223678589,
      4.588433504104614,
      4.536339521408081,
      4.519780397415161,
      4.527952432632446,
      4.542494773864746,
      4.543848991394043,
      4.564905881881714,
      4.542577266693115,
      4.534327268600464,
      4.599187135696411,
      4.4184956550598145,
      4.400507926940918,
      4.40318751335144,
      4.396051406860352,
      4.416112422943115,
      4.402929782867432,
      4.415442943572998,
      4.411126613616943,
      4.401423454284668,
      4.403332710266113,
      4.392947673797607,
      4.401824712753296,
      4.391571521759033,
      4.3904640674591064,
      4.413506031036377,
      4.394477605819702,
      4.3843324184417725,
      4.4049084186553955,
      4.395049810409546,
      4.409156799316406,
      4.40393590927124,
      4.42372465133667,
      4.394688129425049
    ]
  },
  "throughput": {
    "tokens_per_second": 18.73130430888098,
    "requests_per_second": 0.022363066271347876,
    "token_counts": [
      828,
      867,
      790,
      910,
      793
    ]
  },
  "memory": {
    "gpu_memory_peak": 0.0,
    "gpu_memory_used": 0.0,
    "cpu_memory_used": 3846.33984375
  }
}