{
  "model_info": {
    "name": "/data1/zhaofanghan/.cache/huggingface/hub/DeepSeek-R1-Distill-Qwen-1.5B",
    "device": "GPU: NVIDIA GeForce RTX 3090 (x8)",
    "batch_size": 10
  },
  "timing": {
    "total_time": 124.58432388305664,
    "avg_latency": 24.916464138031007,
    "p50_latency": 24.773573398590088,
    "p95_latency": 25.51017847061157,
    "p99_latency": 25.558048801422117,
    "time_to_first_token": 2.519999588950206,
    "time_per_output_token": 0.029875856280612716,
    "latencies": [
      25.570016384124756,
      25.270826816558838,
      24.773573398590088,
      24.260810375213623,
      24.707093715667725
    ],
    "first_token_times": [
      3.5898823738098145,
      2.5654125213623047,
      2.574288845062256,
      2.5578720569610596,
      2.5661261081695557,
      2.560790777206421,
      2.5731446743011475,
      2.5695080757141113,
      2.5548882484436035,
      2.560325860977173,
      2.556204319000244,
      2.5548951625823975,
      2.5581464767456055,
      2.5623064041137695,
      2.5671637058258057,
      2.5575854778289795,
      2.549225091934204,
      2.5454251766204834,
      2.5555617809295654,
      2.553281307220459,
      2.55794620513916,
      2.5606513023376465,
      2.5525732040405273,
      2.542726755142212,
      2.541853904724121,
      2.522508382797241,
      2.4786040782928467,
      2.4845926761627197,
      2.473162889480591,
      2.4754645824432373,
      2.4758195877075195,
      2.47668194770813,
      2.5117273330688477,
      2.4694926738739014,
      2.4692931175231934,
      2.467618703842163,
      2.474112033843994,
      2.477623462677002,
      2.473038673400879,
      2.481818437576294,
      2.4816513061523438,
      2.4730095863342285,
      2.486332654953003,
      2.4732112884521484,
      2.4679183959960938,
      2.47703218460083,
      1.9603331089019775,
      2.4708809852600098,
      2.4859862327575684,
      2.477809190750122,
      2.471341371536255,
      2.469139337539673,
      2.468339681625366,
      2.468435525894165,
      2.47192120552063,
      2.477904796600342,
      2.46513295173645,
      2.4651923179626465,
      2.4690592288970947
    ]
  },
  "throughput": {
    "tokens_per_second": 33.47130577932298,
    "requests_per_second": 0.040133460167053936,
    "token_counts": [
      861,
      839,
      832,
      815,
      823
    ]
  },
  "memory": {
    "gpu_memory_peak": 0.0,
    "gpu_memory_used": 0.0,
    "cpu_memory_used": 1812.6015625
  }
}