{
  "model_info": {
    "name": "/data1/zhaofanghan/.cache/huggingface/hub/DeepSeek-R1-Distill-Qwen-1.5B",
    "device": "GPU: NVIDIA GeForce RTX 3090 (x8)",
    "batch_size": 10
  },
  "timing": {
    "total_time": 130.2372269630432,
    "avg_latency": 26.04704451560974,
    "p50_latency": 26.338013887405396,
    "p95_latency": 26.447784852981567,
    "p99_latency": 26.45277394294739,
    "time_to_first_token": 2.6284743446414756,
    "time_per_output_token": 0.03214097299556977,
    "latencies": [
      26.338013887405396,
      25.313745498657227,
      25.706602573394775,
      26.422839403152466,
      26.454021215438843
    ],
    "first_token_times": [
      3.551013231277466,
      2.670677661895752,
      2.6773059368133545,
      2.7693049907684326,
      2.66239595413208,
      2.580819606781006,
      2.661041736602783,
      2.632894277572632,
      2.654978036880493,
      2.6643199920654297,
      2.626694679260254,
      2.621373414993286,
      2.6227827072143555,
      2.5857841968536377,
      2.6929996013641357,
      2.6319217681884766,
      2.5779635906219482,
      2.684070110321045,
      2.6270744800567627,
      2.7276699542999268,
      2.6132798194885254,
      1.6907336711883545,
      2.76387619972229,
      2.573477029800415,
      2.623486042022705,
      2.6241793632507324,
      2.585416078567505,
      2.568749189376831,
      2.5400023460388184,
      2.5656673908233643,
      2.550656795501709,
      2.6195521354675293,
      1.743260145187378,
      2.598571538925171,
      2.6386935710906982,
      2.8309009075164795,
      2.73048734664917,
      2.703706741333008,
      2.722128391265869,
      2.699384927749634,
      2.669454336166382,
      2.626899003982544,
      2.5730600357055664,
      2.6016275882720947,
      2.5957634449005127,
      2.6111576557159424,
      2.6745526790618896,
      2.560708522796631,
      2.8070497512817383,
      2.695133924484253,
      2.6670639514923096,
      2.626805543899536,
      2.6245362758636475,
      2.6578471660614014,
      2.5932424068450928,
      2.6756443977355957,
      2.6217992305755615,
      2.6443698406219482,
      2.643975019454956
    ]
  },
  "throughput": {
    "tokens_per_second": 31.112456050295176,
    "requests_per_second": 0.038391480812308955,
    "token_counts": [
      830,
      780,
      827,
      827,
      788
    ]
  },
  "memory": {
    "gpu_memory_peak": 3409.3369140625,
    "gpu_memory_used": 3397.65185546875,
    "cpu_memory_used": 1812.4140625
  }
}