{
  "model_info": {
    "name": "/data1/zhaofanghan/.cache/huggingface/hub/DeepSeek-R1-Distill-Qwen-1.5B",
    "device": "GPU: NVIDIA GeForce RTX 3090 (x8)",
    "batch_size": 15
  },
  "timing": {
    "total_time": 29.133377075195312,
    "avg_latency": 2.912628984451294,
    "p50_latency": 2.946278691291809,
    "p95_latency": 2.995167911052704,
    "p99_latency": 2.999080502986908,
    "time_to_first_token": 2.8659240099099965,
    "time_per_output_token": 0.0012341125310161832,
    "latencies": [
      3.000058650970459,
      2.9433672428131104,
      2.9891903400421143,
      2.986361265182495,
      2.949190139770508,
      2.9626505374908447,
      2.8434274196624756,
      2.822754383087158,
      2.8100528717041016,
      2.819236993789673
    ],
    "first_token_times": [
      2.775341272354126,
      2.6902248859405518,
      2.674690008163452,
      2.998843193054199,
      2.942586898803711,
      2.988424062728882,
      2.9855782985687256,
      2.948218584060669,
      2.961646556854248,
      2.8424553871154785,
      2.8217334747314453,
      2.8090453147888184,
      2.8182241916656494
    ]
  },
  "throughput": {
    "tokens_per_second": 810.1017585116941,
    "requests_per_second": 0.3432489125510335,
    "token_counts": [
      2331,
      2175,
      2414,
      2482,
      2334,
      2456,
      2220,
      2371,
      2321,
      2497
    ]
  },
  "memory": {
    "gpu_memory_peak": 0.0,
    "gpu_memory_used": 0.0,
    "cpu_memory_used": 2035.47265625
  }
}