{
  "model_info": {
    "name": "/data1/zhaofanghan/.cache/huggingface/hub/DeepSeek-R1-Distill-Qwen-1.5B",
    "device": "GPU: NVIDIA GeForce RTX 3090 (x8)",
    "batch_size": 15
  },
  "timing": {
    "total_time": 766.0770514011383,
    "avg_latency": 76.60732119083404,
    "p50_latency": 76.87008106708527,
    "p95_latency": 79.97147243022918,
    "p99_latency": 79.98976243495942,
    "time_to_first_token": 5.133017980827476,
    "time_per_output_token": 0.031954334358402454,
    "latencies": [
      77.10548996925354,
      79.99433493614197,
      76.63467216491699,
      78.66716623306274,
      74.48248100280762,
      75.53632640838623,
      79.9435293674469,
      78.21074104309082,
      75.96109056472778,
      69.53738021850586
    ],
    "first_token_times": [
      6.326009511947632,
      5.2828967571258545,
      5.552475690841675,
      5.443268537521362,
      5.454424858093262,
      5.862756967544556,
      5.390572547912598,
      5.412862300872803,
      5.40496563911438,
      5.421036958694458,
      1.1703500747680664,
      5.663100242614746,
      5.467811822891235,
      5.50036883354187,
      5.434628248214722,
      5.352274179458618,
      5.397693634033203,
      5.347784519195557,
      5.37290620803833,
      5.363460063934326,
      5.320400238037109,
      5.36860728263855,
      5.587660551071167,
      5.330722093582153,
      5.279936790466309,
      5.321561336517334,
      5.237065315246582,
      5.52117395401001,
      5.321976184844971,
      5.26294469833374,
      5.2777087688446045,
      5.289639472961426,
      5.5259904861450195,
      5.384928941726685,
      5.3228254318237305,
      5.323833227157593,
      5.309467077255249,
      5.330039739608765,
      5.2785797119140625,
      5.250507593154907,
      5.339251518249512,
      5.263009309768677,
      5.222383260726929,
      5.153153896331787,
      5.147051572799683,
      5.1427366733551025,
      5.271799564361572,
      5.28286075592041,
      5.340543746948242,
      3.163510799407959,
      5.273609161376953,
      5.27064847946167,
      5.283019065856934,
      5.225036144256592,
      5.3310277462005615,
      5.317682504653931,
      5.334826469421387,
      5.326006650924683,
      5.317943096160889,
      5.320086479187012,
      5.25631856918335,
      5.296069145202637,
      5.251135349273682,
      5.098193407058716,
      5.096899032592773,
      5.1079490184783936,
      5.08829665184021,
      5.222538232803345,
      5.297055721282959,
      5.18571925163269,
      5.2441182136535645,
      1.9853370189666748,
      5.214314699172974,
      5.230104207992554,
      5.217025279998779,
      5.198662042617798,
      5.163779258728027,
      5.217145681381226,
      5.119680166244507,
      5.101244688034058,
      5.14055061340332,
      5.130756616592407,
      5.136573791503906,
      5.192741870880127,
      5.157729625701904,
      5.127485036849976,
      5.1192216873168945,
      5.125227928161621,
      5.126596689224243,
      5.120558023452759,
      5.1509716510772705,
      5.160684108734131,
      3.5403149127960205,
      5.23668909072876,
      5.125148057937622,
      5.1341705322265625,
      5.133612632751465,
      5.158105373382568,
      5.115160226821899,
      5.129012107849121,
      5.149162292480469,
      6.145833492279053,
      5.316493034362793,
      5.278693437576294,
      5.295892715454102,
      5.251521110534668,
      5.250061750411987,
      5.309991121292114,
      5.38045334815979,
      5.307213068008423,
      5.277071952819824,
      5.286466360092163,
      5.298170328140259,
      5.261611461639404,
      5.298160076141357,
      5.2982072830200195,
      5.316870450973511,
      5.397710084915161,
      5.26933217048645,
      5.2898077964782715,
      5.269245147705078,
      5.201483964920044,
      5.107572317123413,
      5.111881971359253,
      5.160120010375977,
      5.126615047454834,
      5.1096837520599365,
      5.11319899559021,
      5.13586163520813,
      5.131882190704346,
      5.133470296859741,
      5.142096757888794,
      5.1376917362213135,
      5.115206003189087,
      5.117193222045898,
      5.151697874069214,
      4.987956762313843,
      5.039802312850952,
      5.013711452484131,
      4.991544008255005,
      4.998722076416016,
      5.0025670528411865,
      4.990684747695923,
      5.001852989196777,
      5.020749568939209,
      5.031346559524536,
      5.009944438934326,
      5.025238990783691,
      5.009810924530029,
      5.014904975891113,
      5.015909910202026,
      4.994737148284912,
      5.009773015975952,
      2.369307279586792,
      2.05079984664917,
      4.9892168045043945,
      5.001763105392456,
      4.999413251876831,
      4.990177869796753
    ]
  },
  "throughput": {
    "tokens_per_second": 31.294502238583018,
    "requests_per_second": 0.013053517243089605,
    "token_counts": [
      2322,
      2502,
      2299,
      2371,
      2426,
      2335,
      2430,
      2505,
      2425,
      2359
    ]
  },
  "memory": {
    "gpu_memory_peak": 0.0,
    "gpu_memory_used": 0.0,
    "cpu_memory_used": 1825.34375
  }
}