{
  "model_info": {
    "name": "/data1/zhaofanghan/.cache/huggingface/hub/DeepSeek-R1-Distill-Qwen-1.5B",
    "device": "GPU: NVIDIA GeForce RTX 3090 (x8)",
    "batch_size": 15
  },
  "timing": {
    "total_time": 44.60810351371765,
    "avg_latency": 4.460274863243103,
    "p50_latency": 4.648833155632019,
    "p95_latency": 4.699026954174042,
    "p99_latency": 4.700772836208343,
    "time_to_first_token": 4.454545131096473,
    "time_per_output_token": 0.0018917906702477427,
    "latencies": [
      4.701209306716919,
      4.657361745834351,
      4.6403045654296875,
      4.690694093704224,
      4.639065504074097,
      4.2475409507751465,
      3.5922155380249023,
      4.056719064712524,
      4.696359634399414,
      4.681278228759766
    ],
    "first_token_times": [
      4.4875266551971436,
      4.378313064575195,
      4.447529315948486,
      4.700681209564209,
      4.6567223072052,
      4.639192819595337,
      4.689840078353882,
      4.638351202011108,
      4.246855735778809,
      3.591693639755249,
      4.0562567710876465,
      4.695720911026001,
      4.680402994155884
    ]
  },
  "throughput": {
    "tokens_per_second": 528.5362555875016,
    "requests_per_second": 0.22417451566675217,
    "token_counts": [
      2331,
      2175,
      2414,
      2482,
      2334,
      2456,
      2220,
      2410,
      2406,
      2349
    ]
  },
  "memory": {
    "gpu_memory_peak": 8.125,
    "gpu_memory_used": 8.125,
    "cpu_memory_used": 2010.5
  }
}