{
  "model_info": {
    "name": "/data1/zhaofanghan/.cache/huggingface/hub/DeepSeek-R1-Distill-Qwen-1.5B",
    "device": "GPU: NVIDIA GeForce RTX 3090 (x8)",
    "batch_size": 15
  },
  "timing": {
    "total_time": 802.5287392139435,
    "avg_latency": 80.25248754024506,
    "p50_latency": 79.41890335083008,
    "p95_latency": 89.88459782600403,
    "p99_latency": 92.09386979103088,
    "time_to_first_token": 5.350019585411504,
    "time_per_output_token": 0.03310609609349658,
    "latencies": [
      79.79811787605286,
      75.89850759506226,
      72.8187403678894,
      78.35433459281921,
      79.0396888256073,
      73.71826028823853,
      83.93592953681946,
      79.8057873249054,
      86.50932121276855,
      92.6461877822876
    ],
    "first_token_times": [
      6.2894158363342285,
      5.282841444015503,
      5.185008764266968,
      5.208527565002441,
      5.244410991668701,
      5.234237194061279,
      5.234269380569458,
      5.200612783432007,
      5.318459987640381,
      5.255791664123535,
      5.319638729095459,
      5.308677434921265,
      5.255281925201416,
      5.310680150985718,
      5.283182144165039,
      5.24499773979187,
      5.368565082550049,
      5.388343811035156,
      5.397770166397095,
      5.2969300746917725,
      5.323591709136963,
      5.377682209014893,
      5.307427167892456,
      5.354412317276001,
      1.8013575077056885,
      5.338172197341919,
      5.399632692337036,
      5.316979646682739,
      5.3517022132873535,
      5.328182697296143,
      5.267441272735596,
      5.123039722442627,
      5.326456546783447,
      5.250932455062866,
      5.208598613739014,
      5.3760364055633545,
      5.319247007369995,
      5.28658127784729,
      5.198502063751221,
      5.306791305541992,
      5.268222332000732,
      5.147366046905518,
      5.3184614181518555,
      5.242203235626221,
      5.337049961090088,
      3.7082879543304443,
      5.378466367721558,
      5.263181924819946,
      5.26700496673584,
      3.166792631149292,
      2.4564623832702637,
      5.412584066390991,
      5.402710676193237,
      5.136351108551025,
      5.168723821640015,
      5.224254131317139,
      5.304173469543457,
      5.245973825454712,
      5.231672763824463,
      5.240382194519043,
      5.261319637298584,
      5.248200178146362,
      5.231077194213867,
      5.282973051071167,
      5.293657302856445,
      5.140827894210815,
      5.125734806060791,
      5.1745476722717285,
      5.174592733383179,
      5.120223760604858,
      5.134725332260132,
      5.143052101135254,
      5.189247369766235,
      5.162307500839233,
      5.479558706283569,
      5.27080774307251,
      5.262877702713013,
      5.363760471343994,
      5.3360960483551025,
      5.254330158233643,
      5.283672571182251,
      5.493804931640625,
      5.309316396713257,
      5.230008602142334,
      5.239148139953613,
      5.211662292480469,
      5.295001983642578,
      5.248429775238037,
      2.296251058578491,
      5.246491432189941,
      5.317316770553589,
      5.655935049057007,
      5.678255558013916,
      5.256066083908081,
      2.5531134605407715,
      5.208008050918579,
      5.184905290603638,
      5.177021265029907,
      5.14398980140686,
      5.149248838424683,
      5.197185516357422,
      5.187489032745361,
      5.303119421005249,
      6.7521607875823975,
      5.251601696014404,
      5.453743934631348,
      6.0445637702941895,
      5.261205434799194,
      5.7652692794799805,
      5.778173208236694,
      6.589454650878906,
      5.309109210968018,
      5.626656770706177,
      5.2567360401153564,
      5.273854970932007,
      5.395263195037842,
      5.3764424324035645,
      5.37964129447937,
      5.261648893356323,
      5.408804893493652,
      5.246973752975464,
      5.407163381576538,
      5.2302086353302,
      5.128867864608765,
      5.4659106731414795,
      5.270220041275024,
      5.276290655136108,
      5.32637619972229,
      5.349690675735474,
      5.293565034866333,
      5.223333120346069,
      5.300117492675781,
      5.330113649368286,
      5.366495370864868,
      5.2276153564453125,
      5.294792652130127,
      5.151020765304565,
      5.11622428894043,
      5.197837829589844,
      6.666872501373291,
      6.8346781730651855,
      6.78839111328125,
      6.848985195159912,
      6.861184597015381,
      6.760469913482666,
      6.7733094692230225,
      6.807700157165527,
      6.917004823684692,
      6.8720808029174805,
      6.854236841201782,
      6.959493398666382,
      6.763319969177246,
      6.432185649871826,
      5.286915302276611,
      5.235030174255371,
      5.209349870681763,
      5.291502237319946,
      5.24471116065979,
      5.23245096206665
    ]
  },
  "throughput": {
    "tokens_per_second": 30.205771850293416,
    "requests_per_second": 0.012460612949256803,
    "token_counts": [
      2460,
      2360,
      2219,
      2521,
      2356,
      2196,
      2514,
      2515,
      2578,
      2522
    ]
  },
  "memory": {
    "gpu_memory_peak": 3412.0751953125,
    "gpu_memory_used": 3397.65185546875,
    "cpu_memory_used": 1797.7734375
  }
}