{
  "model_info": {
    "name": "/data1/zhaofanghan/.cache/huggingface/hub/DeepSeek-R1-Distill-Qwen-1.5B",
    "device": "GPU: NVIDIA GeForce RTX 3090 (x8)",
    "batch_size": 15
  },
  "timing": {
    "total_time": 1371.7343196868896,
    "avg_latency": 137.17306480407714,
    "p50_latency": 138.12713539600372,
    "p95_latency": 144.5099025607109,
    "p99_latency": 144.64468051671983,
    "time_to_first_token": 9.153618374710563,
    "time_per_output_token": 0.05823274953475851,
    "latencies": [
      140.26502633094788,
      138.89031958580017,
      129.05723643302917,
      137.36395120620728,
      126.2696623802185,
      133.79286575317383,
      144.67837500572205,
      144.30399179458618,
      137.02723956108093,
      140.0819799900055
    ],
    "first_token_times": [
      9.317051649093628,
      9.234819412231445,
      9.184046030044556,
      9.533053398132324,
      9.266827583312988,
      9.213216304779053,
      9.3527352809906,
      9.416091918945312,
      9.243912935256958,
      9.289567232131958,
      9.323172092437744,
      9.20285439491272,
      9.394523620605469,
      9.679964542388916,
      9.450660467147827,
      9.291013240814209,
      9.311749696731567,
      9.168547630310059,
      9.31509518623352,
      9.42450475692749,
      9.50364351272583,
      9.388097524642944,
      9.266562223434448,
      9.247346878051758,
      9.300768613815308,
      9.442471504211426,
      9.451226711273193,
      9.265902519226074,
      9.184963941574097,
      9.187665939331055,
      9.23081922531128,
      9.361781120300293,
      9.576545238494873,
      9.157549381256104,
      9.037510395050049,
      9.035171270370483,
      9.061885356903076,
      9.218643426895142,
      9.371220350265503,
      9.55280351638794,
      9.093445301055908,
      9.082878351211548,
      9.067522525787354,
      3.0538434982299805,
      9.107619047164917,
      9.25367784500122,
      9.401116132736206,
      6.771831512451172,
      9.096388101577759,
      9.035077095031738,
      9.133322477340698,
      9.015440464019775,
      9.217931985855103,
      9.168525457382202,
      9.118001461029053,
      9.033450365066528,
      9.036083698272705,
      9.04814100265503,
      9.144454717636108,
      9.45357060432434,
      9.338409423828125,
      9.084244728088379,
      9.063936471939087,
      9.123783826828003,
      9.099524974822998,
      9.202494621276855,
      9.323598623275757,
      9.205296039581299,
      9.082727909088135,
      9.106905221939087,
      8.987141370773315,
      9.158612251281738,
      9.44267463684082,
      4.863752126693726,
      9.193883419036865,
      9.109225511550903,
      9.094395637512207,
      9.278852462768555,
      9.281443119049072,
      1.7204830646514893,
      9.431296110153198,
      9.279503583908081,
      9.154660701751709,
      9.160626649856567,
      9.152392387390137,
      9.18725872039795,
      9.289070129394531,
      9.555845260620117,
      2.7450242042541504,
      9.233811855316162,
      8.03247618675232,
      9.59278416633606,
      9.624521970748901,
      9.723423719406128,
      9.672586917877197,
      9.480474710464478,
      9.577741861343384,
      9.466355323791504,
      9.452681541442871,
      9.655052423477173,
      9.86673879623413,
      9.699896335601807,
      9.627212285995483,
      9.518487930297852,
      9.453285217285156,
      9.337580919265747,
      9.718836307525635,
      10.068121433258057,
      9.559828996658325,
      9.641142845153809,
      9.557024717330933,
      9.721269369125366,
      9.564240217208862,
      9.68262529373169,
      9.637594223022461,
      9.518440008163452,
      9.65293288230896,
      9.360098361968994,
      9.631233215332031,
      9.682700157165527,
      9.597322463989258,
      9.659086227416992,
      9.944847583770752,
      9.527955532073975,
      9.805820941925049,
      9.572125911712646,
      9.72121524810791,
      9.500707626342773,
      9.485626935958862,
      9.71577501296997,
      9.582882165908813,
      2.623347043991089,
      9.64596176147461,
      9.592145204544067,
      9.630167484283447,
      9.730583906173706,
      9.589197874069214,
      9.646417379379272,
      9.57060170173645,
      9.483384609222412,
      9.807223558425903,
      9.546689987182617,
      9.396718263626099,
      9.457680702209473,
      9.421221256256104,
      9.533024311065674,
      9.576195001602173,
      9.557402610778809,
      9.619592666625977,
      7.075599908828735,
      9.622477293014526,
      9.423540830612183,
      9.466744661331177,
      9.475823640823364,
      9.39265775680542,
      9.56693434715271,
      9.4560866355896,
      9.518704891204834,
      9.369259595870972
    ]
  },
  "throughput": {
    "tokens_per_second": 17.172421555638312,
    "requests_per_second": 0.0072900414143480695,
    "token_counts": [
      2491,
      2335,
      2249,
      2398,
      2172,
      2388,
      2471,
      2417,
      2372,
      2263
    ]
  },
  "memory": {
    "gpu_memory_peak": 1581.57763671875,
    "gpu_memory_used": 1553.99072265625,
    "cpu_memory_used": 3782.29296875
  }
}