{
  "model_info": {
    "name": "/data1/zhaofanghan/.cache/huggingface/hub/DeepSeek-R1-Distill-Qwen-1.5B",
    "device": "GPU: NVIDIA GeForce RTX 3090 (x8)",
    "batch_size": 15
  },
  "timing": {
    "total_time": 774.5642528533936,
    "avg_latency": 77.45602705478669,
    "p50_latency": 77.49354183673859,
    "p95_latency": 80.5161025762558,
    "p99_latency": 80.55931678295136,
    "time_to_first_token": 5.179923783308305,
    "time_per_output_token": 0.03278700772722091,
    "latencies": [
      75.37979030609131,
      80.45008087158203,
      75.87431573867798,
      76.90819072723389,
      80.57012033462524,
      74.59393048286438,
      74.42263317108154,
      79.38962173461914,
      78.07889294624329,
      78.89269423484802
    ],
    "first_token_times": [
      6.648566722869873,
      5.329398155212402,
      5.45043683052063,
      5.286990165710449,
      5.3502583503723145,
      5.263325452804565,
      5.350001811981201,
      5.267776966094971,
      5.169266223907471,
      5.147864580154419,
      5.1660590171813965,
      5.214644432067871,
      2.485637903213501,
      5.226856708526611,
      5.193872690200806,
      5.2483437061309814,
      5.2204179763793945,
      5.1901936531066895,
      5.178684949874878,
      5.195437908172607,
      5.21357798576355,
      5.24541163444519,
      5.27990460395813,
      5.166743755340576,
      5.226938724517822,
      5.139325141906738,
      5.282334566116333,
      5.33223557472229,
      5.1953558921813965,
      5.1740968227386475,
      5.1901960372924805,
      5.188366889953613,
      6.0743491649627686,
      6.079576015472412,
      5.334433317184448,
      5.2807066440582275,
      5.249102830886841,
      5.261096715927124,
      5.435043096542358,
      5.275830030441284,
      3.948798656463623,
      5.267657041549683,
      5.30277419090271,
      5.254483222961426,
      5.358621597290039,
      5.169031858444214,
      5.188528776168823,
      5.195617914199829,
      5.274609088897705,
      5.205278396606445,
      3.666635274887085,
      5.237578392028809,
      5.204314947128296,
      5.318276882171631,
      5.698142766952515,
      5.260118007659912,
      5.8160340785980225,
      5.360815048217773,
      5.282226800918579,
      5.3238489627838135,
      5.34232759475708,
      1.6878204345703125,
      5.297811508178711,
      5.265181064605713,
      5.317301034927368,
      5.318194150924683,
      5.275398015975952,
      5.383894681930542,
      5.272271633148193,
      5.250269651412964,
      5.302061319351196,
      5.357430458068848,
      5.362340927124023,
      5.375481367111206,
      5.4701337814331055,
      5.303735017776489,
      5.2397685050964355,
      5.212753057479858,
      5.326857805252075,
      5.596219301223755,
      5.399568557739258,
      5.25378155708313,
      5.789503335952759,
      5.3224217891693115,
      5.293939828872681,
      5.258369445800781,
      5.477012634277344,
      5.176606178283691,
      5.216648817062378,
      5.219072580337524,
      5.173459529876709,
      5.194488048553467,
      5.160109519958496,
      5.1842522621154785,
      1.392359972000122,
      5.1624603271484375,
      5.174415588378906,
      5.237259387969971,
      5.266249179840088,
      5.1782214641571045,
      5.168384790420532,
      5.222479581832886,
      5.218944072723389,
      1.0999817848205566,
      5.2439024448394775,
      5.268726587295532,
      5.2101664543151855,
      5.2133331298828125,
      5.267406225204468,
      5.197085857391357,
      5.211405038833618,
      5.2549285888671875,
      5.3011791706085205,
      5.36055326461792,
      5.255085468292236,
      5.292877674102783,
      5.266907453536987,
      5.516810178756714,
      5.3790647983551025,
      5.298410654067993,
      5.294861555099487,
      5.310099840164185,
      5.277784585952759,
      5.423712730407715,
      5.279806613922119,
      5.169713497161865,
      5.206396102905273,
      5.172071218490601,
      5.240556478500366,
      5.43894624710083,
      5.233366250991821,
      5.241501569747925,
      5.588358640670776,
      5.3561224937438965,
      5.321212291717529,
      5.399991512298584,
      5.289937973022461,
      5.350863456726074,
      5.282690763473511,
      3.7746124267578125,
      5.227012634277344,
      5.203233480453491,
      5.194825649261475,
      5.168396472930908,
      5.19490122795105,
      5.21702766418457,
      5.244044303894043,
      5.171036005020142,
      5.147236347198486,
      5.2566328048706055,
      5.297479629516602,
      5.4120588302612305,
      5.909451246261597,
      7.118710041046143,
      2.1272542476654053,
      5.486760854721069,
      5.461346626281738,
      5.407736301422119,
      5.432994842529297
    ]
  },
  "throughput": {
    "tokens_per_second": 30.499729251604716,
    "requests_per_second": 0.012910484783103927,
    "token_counts": [
      2230,
      2514,
      2424,
      2436,
      2326,
      2417,
      2271,
      2455,
      2164,
      2387
    ]
  },
  "memory": {
    "gpu_memory_peak": 3412.0751953125,
    "gpu_memory_used": 3397.65185546875,
    "cpu_memory_used": 1801.47265625
  }
}