{
  "model_info": {
    "name": "/data1/zhaofanghan/.cache/huggingface/hub/DeepSeek-R1-Distill-Qwen-1.5B",
    "device": "GPU: NVIDIA GeForce RTX 3090 (x8)",
    "batch_size": 15
  },
  "timing": {
    "total_time": 1290.895457983017,
    "avg_latency": 129.08916828632354,
    "p50_latency": 129.64963376522064,
    "p95_latency": 137.35730872154235,
    "p99_latency": 137.4393618297577,
    "time_to_first_token": 8.58119253692387,
    "time_per_output_token": 0.05504399125290958,
    "latencies": [
      112.11671090126038,
      137.45987510681152,
      137.23194980621338,
      133.9878044128418,
      128.8838188648224,
      125.67517113685608,
      126.10655999183655,
      125.82775926589966,
      133.18658471107483,
      130.4154486656189
    ],
    "first_token_times": [
      2.642516851425171,
      8.8684663772583,
      8.861881732940674,
      8.857625961303711,
      8.863301277160645,
      8.864199161529541,
      8.846176862716675,
      8.913033246994019,
      8.860539197921753,
      8.842667579650879,
      8.837757349014282,
      8.869067907333374,
      8.84008502960205,
      4.295103549957275,
      8.871029615402222,
      8.863093852996826,
      4.290505647659302,
      8.835456609725952,
      2.752723455429077,
      8.873880624771118,
      8.85252833366394,
      2.749135971069336,
      9.185449361801147,
      9.15298867225647,
      9.182592630386353,
      9.15744662284851,
      9.162257432937622,
      9.159850120544434,
      9.17084288597107,
      9.150125980377197,
      9.156437397003174,
      9.124555110931396,
      9.153558492660522,
      9.185975074768066,
      9.167315483093262,
      9.157865762710571,
      9.179670095443726,
      9.165284156799316,
      9.17994213104248,
      9.135719776153564,
      9.179584980010986,
      9.130586862564087,
      9.14778184890747,
      9.163124322891235,
      9.147480964660645,
      9.134110927581787,
      9.14663815498352,
      9.162550210952759,
      9.132004022598267,
      9.126632690429688,
      9.110366821289062,
      9.106542110443115,
      9.398869752883911,
      9.003231287002563,
      8.936835289001465,
      8.927903652191162,
      8.93472933769226,
      8.931895017623901,
      8.93132472038269,
      8.92782211303711,
      8.917809009552002,
      8.921466588973999,
      8.924470663070679,
      8.942500829696655,
      8.942482948303223,
      8.909862756729126,
      8.943591117858887,
      8.943795680999756,
      8.945112228393555,
      8.925761938095093,
      8.939988851547241,
      8.911650657653809,
      8.907772779464722,
      8.910733699798584,
      8.87344765663147,
      8.865444421768188,
      8.899544715881348,
      8.87284803390503,
      8.877419233322144,
      4.354943037033081,
      8.915265083312988,
      8.866699695587158,
      8.879401922225952,
      8.877039432525635,
      8.909905195236206,
      8.877733945846558,
      8.87809133529663,
      8.89385724067688,
      1.1775872707366943,
      8.873710632324219,
      8.87868857383728,
      8.901249647140503,
      8.881318092346191,
      8.894910335540771,
      8.882158994674683,
      8.901249408721924,
      8.913301944732666,
      8.892364501953125,
      8.913264036178589,
      8.886520385742188,
      8.882792711257935,
      8.896276712417603,
      8.906804323196411,
      8.889997959136963,
      8.891856908798218,
      8.93181037902832,
      8.877257347106934,
      8.900166749954224,
      8.907889604568481,
      5.952457427978516,
      8.87070894241333,
      4.524632215499878,
      8.892924547195435,
      8.888644456863403,
      8.895084381103516,
      8.91156268119812,
      8.92558741569519,
      8.910617589950562,
      8.918004274368286,
      9.35307765007019,
      4.381258964538574,
      8.911198139190674,
      8.8879873752594,
      8.919024229049683,
      5.159342527389526,
      8.933088064193726,
      8.88939118385315,
      8.941391468048096,
      8.884758472442627,
      8.859566450119019,
      8.890432834625244,
      8.867843627929688,
      8.87553596496582,
      8.878657341003418,
      8.876018047332764,
      8.859429359436035,
      8.86269760131836,
      8.90536642074585,
      8.872988224029541,
      8.86400055885315,
      8.914565086364746,
      8.84592342376709,
      8.922082424163818,
      8.885841131210327,
      8.877063751220703,
      2.272470474243164,
      8.851529598236084,
      8.850268602371216,
      8.876023054122925,
      9.246892213821411,
      9.260789632797241,
      9.264279127120972,
      9.244847059249878,
      9.280109167098999,
      9.318107843399048,
      9.237004041671753,
      9.25511908531189,
      9.270221710205078,
      9.304711818695068
    ]
  },
  "throughput": {
    "tokens_per_second": 18.167234112546186,
    "requests_per_second": 0.00774656068247748,
    "token_counts": [
      1991,
      2464,
      2566,
      2497,
      2447,
      2352,
      2240,
      2249,
      2354,
      2292
    ]
  },
  "memory": {
    "gpu_memory_peak": 0.0,
    "gpu_memory_used": 0.0,
    "cpu_memory_used": 3799.0625
  }
}