{
  "model_info": {
    "name": "/data1/zhaofanghan/.cache/huggingface/hub/DeepSeek-R1-Distill-Qwen-1.5B",
    "device": "GPU: NVIDIA GeForce RTX 3090 (x8)",
    "batch_size": 15
  },
  "timing": {
    "total_time": 743.3402841091156,
    "avg_latency": 74.33363482952117,
    "p50_latency": 74.88897466659546,
    "p95_latency": 77.66156146526336,
    "p99_latency": 77.8283560705185,
    "time_to_first_token": 4.982214542304945,
    "time_per_output_token": 0.03133267359194115,
    "latencies": [
      72.21846723556519,
      77.30026578903198,
      77.40673637390137,
      77.87005472183228,
      72.01658296585083,
      75.47156548500061,
      74.6556293964386,
      74.68386888504028,
      75.09408044815063,
      66.61909699440002
    ],
    "first_token_times": [
      6.366335868835449,
      5.364258050918579,
      5.34199333190918,
      5.339696645736694,
      5.312520503997803,
      5.297793626785278,
      5.301011800765991,
      5.271486282348633,
      5.298930883407593,
      5.436421632766724,
      5.38913369178772,
      5.324214458465576,
      5.320250511169434,
      2.1446874141693115,
      5.309296369552612,
      5.308091878890991,
      5.325449228286743,
      5.316505670547485,
      5.331199407577515,
      5.330462694168091,
      5.302241325378418,
      4.487615585327148,
      5.299870252609253,
      1.5850651264190674,
      5.216751575469971,
      5.141636848449707,
      5.13700270652771,
      5.188196659088135,
      5.132731914520264,
      5.131807327270508,
      5.134371042251587,
      5.196542739868164,
      5.159122467041016,
      5.143225193023682,
      5.144446134567261,
      5.151838779449463,
      5.122679233551025,
      5.13461971282959,
      5.158898115158081,
      5.136133432388306,
      5.190199136734009,
      5.1481568813323975,
      5.152607440948486,
      5.151001214981079,
      5.155068635940552,
      5.154491186141968,
      5.1636762619018555,
      5.173841953277588,
      5.1630449295043945,
      5.1496193408966064,
      5.1733620166778564,
      5.163087368011475,
      5.173366069793701,
      5.15346360206604,
      5.146957635879517,
      5.16778039932251,
      5.161513805389404,
      5.15786600112915,
      5.155867338180542,
      5.1464457511901855,
      5.214558124542236,
      5.263913154602051,
      5.232349157333374,
      5.260287046432495,
      5.241370439529419,
      5.175747632980347,
      5.1772661209106445,
      5.185919284820557,
      5.176300525665283,
      5.2106032371521,
      5.192541599273682,
      1.3687527179718018,
      5.277527809143066,
      5.132314205169678,
      5.0738303661346436,
      5.051611423492432,
      4.366553544998169,
      5.039155721664429,
      5.043346166610718,
      5.0372819900512695,
      5.059432029724121,
      5.053838729858398,
      5.059912443161011,
      5.044707298278809,
      5.06177282333374,
      5.0549702644348145,
      5.075385332107544,
      5.053513288497925,
      5.0575995445251465,
      5.052260875701904,
      5.049771547317505,
      5.04566502571106,
      5.062371015548706,
      5.089938163757324,
      4.965728998184204,
      4.960221529006958,
      4.9843363761901855,
      4.974010705947876,
      4.978651523590088,
      4.97980523109436,
      4.9831767082214355,
      4.97164511680603,
      4.967684984207153,
      4.971595048904419,
      4.986863613128662,
      4.982215881347656,
      4.964046478271484,
      4.9732067584991455,
      4.974498271942139,
      4.9751927852630615,
      4.990864515304565,
      4.969955682754517,
      4.980596303939819,
      4.979444742202759,
      4.989486932754517,
      4.993993282318115,
      4.993137836456299,
      4.98639988899231,
      4.996474027633667,
      5.005869626998901,
      4.9840247631073,
      4.974697113037109,
      4.996819734573364,
      4.468934774398804,
      4.967782497406006,
      4.979426145553589,
      4.968047618865967,
      5.3481645584106445,
      5.024631023406982,
      5.022324800491333,
      5.026169538497925,
      5.0056376457214355,
      5.0057902336120605,
      4.9935643672943115,
      5.003865480422974,
      5.0078089237213135,
      4.997305154800415,
      4.991957664489746,
      4.994989633560181,
      4.98720121383667,
      5.015418529510498,
      5.01375937461853,
      5.0139782428741455,
      5.007871150970459,
      5.010393857955933,
      5.009463310241699,
      0.8992137908935547,
      5.005234241485596,
      4.97743034362793,
      4.986162424087524,
      4.971359968185425,
      0.7705659866333008,
      4.98000693321228,
      4.992749929428101,
      5.012465476989746,
      5.009638786315918,
      4.996363639831543,
      5.00229287147522,
      4.991175889968872
    ]
  },
  "throughput": {
    "tokens_per_second": 31.915396632153374,
    "requests_per_second": 0.013452789003605367,
    "token_counts": [
      2211,
      2449,
      2324,
      2543,
      2360,
      2385,
      2492,
      2422,
      2348,
      2190
    ]
  },
  "memory": {
    "gpu_memory_peak": 0.0,
    "gpu_memory_used": 0.0,
    "cpu_memory_used": 1796.28515625
  }
}