{
  "model_info": {
    "name": "/data1/zhaofanghan/.cache/huggingface/hub/DeepSeek-R1-Distill-Qwen-1.5B",
    "device": "GPU: NVIDIA GeForce RTX 3090 (x8)",
    "batch_size": 10
  },
  "timing": {
    "total_time": 127.77109360694885,
    "avg_latency": 25.55380787849426,
    "p50_latency": 25.82486891746521,
    "p95_latency": 26.142638635635375,
    "p99_latency": 26.20551423072815,
    "time_to_first_token": 2.5801458722454007,
    "time_per_output_token": 0.03128526919502236,
    "latencies": [
      26.221233129501343,
      24.25077247619629,
      25.82486891746521,
      25.643904209136963,
      25.82826066017151
    ],
    "first_token_times": [
      3.6576249599456787,
      2.5512354373931885,
      2.594987630844116,
      2.57961368560791,
      2.664640426635742,
      2.5016493797302246,
      2.769951581954956,
      2.583005666732788,
      2.573030471801758,
      2.571765661239624,
      2.617828130722046,
      2.6664743423461914,
      2.669448137283325,
      2.7151103019714355,
      2.5881896018981934,
      2.5779361724853516,
      2.5957589149475098,
      2.645871639251709,
      2.5686943531036377,
      2.5706772804260254,
      2.5879769325256348,
      2.5538554191589355,
      2.5524888038635254,
      2.5873801708221436,
      2.567868709564209,
      2.542182445526123,
      1.163740873336792,
      2.577641725540161,
      2.543670892715454,
      2.5946948528289795,
      2.560288906097412,
      2.56108021736145,
      2.630326509475708,
      2.6007041931152344,
      2.5469346046447754,
      2.555290460586548,
      2.5645318031311035,
      2.633512020111084,
      2.574384927749634,
      2.567330837249756,
      2.55904483795166,
      2.5434746742248535,
      2.556506395339966,
      2.5975053310394287,
      2.606485366821289,
      2.5944738388061523,
      2.547980785369873,
      2.5141565799713135,
      2.554123878479004,
      2.5620107650756836,
      2.5652947425842285,
      2.565124988555908,
      3.0605645179748535,
      3.36354398727417,
      2.38968563079834,
      1.8820240497589111,
      2.5114002227783203,
      2.459185838699341,
      2.4666409492492676
    ]
  },
  "throughput": {
    "tokens_per_second": 31.963411165308294,
    "requests_per_second": 0.039132481838036595,
    "token_counts": [
      844,
      790,
      842,
      861,
      747
    ]
  },
  "memory": {
    "gpu_memory_peak": 0.0,
    "gpu_memory_used": 0.0,
    "cpu_memory_used": 1793.63671875
  }
}