{
  "model_info": {
    "name": "/data1/zhaofanghan/.cache/huggingface/hub/DeepSeek-R1-Distill-Qwen-1.5B",
    "device": "GPU: NVIDIA GeForce RTX 3090 (x8)",
    "batch_size": 5
  },
  "timing": {
    "total_time": 7.3765881061553955,
    "avg_latency": 7.3760271072387695,
    "p50_latency": 7.3760271072387695,
    "p95_latency": 7.3760271072387695,
    "p99_latency": 7.3760271072387695,
    "time_to_first_token": 1.5380562676323786,
    "time_per_output_token": 0.03430710282436637,
    "latencies": [
      7.3760271072387695
    ],
    "first_token_times": [
      2.483395576477051,
      1.3493421077728271,
      1.2937350273132324,
      1.3418889045715332,
      1.449148416519165,
      1.4906015396118164,
      1.4375011920928955,
      1.4929518699645996,
      1.5039417743682861
    ]
  },
  "throughput": {
    "tokens_per_second": 29.14626612004989,
    "requests_per_second": 0.13556402846534835,
    "token_counts": [
      215
    ]
  },
  "memory": {
    "gpu_memory_peak": 3407.9677734375,
    "gpu_memory_used": 3397.65185546875,
    "cpu_memory_used": 1794.890625
  }
}