{
  "model_info": {
    "name": "/data1/zhaofanghan/.cache/huggingface/hub/DeepSeek-R1-Distill-Qwen-1.5B",
    "device": "GPU: NVIDIA GeForce RTX 3090 (x8)",
    "batch_size": 10
  },
  "timing": {
    "total_time": 236.30691051483154,
    "avg_latency": 47.26096911430359,
    "p50_latency": 47.38622188568115,
    "p95_latency": 47.682205533981325,
    "p99_latency": 47.68809687614441,
    "time_to_first_token": 4.728521662243342,
    "time_per_output_token": 0.05659996301114202,
    "latencies": [
      47.38622188568115,
      47.652748823165894,
      46.236201763153076,
      47.68956971168518,
      47.34010338783264
    ],
    "first_token_times": [
      4.758782386779785,
      4.7765045166015625,
      4.758085012435913,
      4.701475143432617,
      4.682621955871582,
      4.678814649581909,
      4.794565916061401,
      4.784281969070435,
      4.760776042938232,
      4.83642840385437,
      4.678478479385376,
      4.724123477935791,
      4.73681378364563,
      4.7403669357299805,
      4.684526681900024,
      4.595308303833008,
      4.786966323852539,
      4.77489161491394,
      4.824978590011597,
      4.8820953369140625,
      4.750240087509155,
      4.773777961730957,
      4.775334596633911,
      4.894813537597656,
      4.67435359954834,
      4.694098711013794,
      4.714921236038208,
      4.736719846725464,
      4.753216981887817,
      4.760859489440918,
      4.772414684295654,
      4.644497871398926,
      4.669656038284302,
      3.9996109008789062,
      4.683642864227295,
      4.659103155136108,
      4.679813623428345,
      4.671530485153198,
      4.692067384719849,
      4.774169683456421,
      4.748137712478638,
      4.8291826248168945,
      4.795868396759033,
      4.785674333572388,
      4.795565605163574,
      4.709073066711426,
      4.737657785415649,
      4.765711069107056,
      4.744046449661255,
      4.67130708694458,
      4.804636001586914,
      4.775312662124634,
      4.769449949264526,
      4.699867010116577,
      4.664446115493774,
      4.7591938972473145,
      4.761844635009766,
      4.800183296203613,
      4.629892110824585
    ]
  },
  "throughput": {
    "tokens_per_second": 17.66770168042953,
    "requests_per_second": 0.021158924168179077,
    "token_counts": [
      861,
      834,
      807,
      833,
      840
    ]
  },
  "memory": {
    "gpu_memory_peak": 1581.57666015625,
    "gpu_memory_used": 1553.99072265625,
    "cpu_memory_used": 3676.8984375
  }
}