{
  "model_info": {
    "name": "/data1/zhaofanghan/.cache/huggingface/hub/DeepSeek-R1-Distill-Qwen-1.5B",
    "device": "GPU: NVIDIA GeForce RTX 3090 (x8)",
    "batch_size": 10
  },
  "timing": {
    "total_time": 128.24289965629578,
    "avg_latency": 25.648171615600585,
    "p50_latency": 25.968402862548828,
    "p95_latency": 26.230637121200562,
    "p99_latency": 26.281772718429565,
    "time_to_first_token": 2.586042460748705,
    "time_per_output_token": 0.03240860704523703,
    "latencies": [
      25.92328143119812,
      25.974959135055542,
      24.079658031463623,
      26.294556617736816,
      25.968402862548828
    ],
    "first_token_times": [
      3.5341145992279053,
      2.6020073890686035,
      2.5741894245147705,
      2.5796000957489014,
      2.6082255840301514,
      2.6256673336029053,
      2.6071279048919678,
      2.5836315155029297,
      2.6356513500213623,
      2.646718740463257,
      2.5943403244018555,
      2.591325283050537,
      2.60317325592041,
      2.5891897678375244,
      2.5850839614868164,
      2.6965785026550293,
      2.5241341590881348,
      2.5500783920288086,
      2.539578676223755,
      2.6194310188293457,
      2.663527727127075,
      2.7112088203430176,
      2.6227304935455322,
      2.5684990882873535,
      2.554405927658081,
      2.567176342010498,
      2.557779312133789,
      2.544086456298828,
      2.5630791187286377,
      2.5069737434387207,
      2.517319679260254,
      2.606504201889038,
      2.5699379444122314,
      2.489684820175171,
      2.5352511405944824,
      2.5587174892425537,
      0.9485681056976318,
      2.6497251987457275,
      2.6942100524902344,
      2.6646018028259277,
      2.593416690826416,
      2.60707688331604,
      2.657625675201416,
      2.629368782043457,
      2.63006591796875,
      2.5956332683563232,
      2.6716983318328857,
      2.647883653640747,
      2.594301462173462,
      2.636918783187866,
      2.7153453826904297,
      2.580700635910034,
      2.5515453815460205,
      2.5771985054016113,
      2.5467135906219482,
      2.5968687534332275,
      2.556306838989258,
      2.6736671924591064,
      2.530334711074829
    ]
  },
  "throughput": {
    "tokens_per_second": 30.855509432531306,
    "requests_per_second": 0.038988513308733014,
    "token_counts": [
      784,
      821,
      775,
      823,
      754
    ]
  },
  "memory": {
    "gpu_memory_peak": 3409.3369140625,
    "gpu_memory_used": 3397.65185546875,
    "cpu_memory_used": 1806.63671875
  }
}