{
  "model_info": {
    "name": "/data1/zhaofanghan/.cache/huggingface/hub/DeepSeek-R1-Distill-Qwen-1.5B",
    "device": "GPU: NVIDIA GeForce RTX 3090 (x8)",
    "batch_size": 2
  },
  "timing": {
    "total_time": 1.1721806526184082,
    "avg_latency": 1.1711103916168213,
    "p50_latency": 1.1711103916168213,
    "p95_latency": 1.1711103916168213,
    "p99_latency": 1.1711103916168213,
    "latencies": [
      1.1711103916168213
    ]
  },
  "throughput": {
    "tokens_per_second": 64.83642246630822,
    "requests_per_second": 0.8531108219251082,
    "token_counts": [
      76
    ]
  },
  "memory": {
    "gpu_memory_peak": 0.0,
    "gpu_memory_used": 0.0,
    "cpu_memory_used": 2003.80078125
  }
}