{
  "model_info": {
    "name": "/data1/zhaofanghan/.cache/huggingface/hub/DeepSeek-R1-Distill-Qwen-1.5B",
    "device": "GPU: NVIDIA GeForce RTX 3090 (x8)",
    "batch_size": 2
  },
  "timing": {
    "total_time": 2.782557249069214,
    "avg_latency": 2.782050848007202,
    "p50_latency": 2.782050848007202,
    "p95_latency": 2.782050848007202,
    "p99_latency": 2.782050848007202,
    "latencies": [
      2.782050848007202
    ]
  },
  "throughput": {
    "tokens_per_second": 31.625584713283672,
    "requests_per_second": 0.3593816444691326,
    "token_counts": [
      88
    ]
  },
  "memory": {
    "gpu_memory_peak": 0.0,
    "gpu_memory_used": 0.0,
    "cpu_memory_used": 1800.25390625
  }
}