{
  "model_info": {
    "name": "/data1/zhaofanghan/.cache/huggingface/hub/DeepSeek-R1-Distill-Qwen-1.5B",
    "device": "GPU: NVIDIA GeForce RTX 3090 (x8)",
    "batch_size": 10
  },
  "timing": {
    "total_time": 196.14656019210815,
    "avg_latency": 39.22865228652954,
    "p50_latency": 38.62552070617676,
    "p95_latency": 42.17188396453857,
    "p99_latency": 42.88003833770752,
    "latencies": [
      38.62552070617676,
      38.63111209869385,
      37.434810161590576,
      43.057076930999756,
      38.39474153518677
    ]
  },
  "throughput": {
    "tokens_per_second": 21.58589982844039,
    "requests_per_second": 0.025491142924469048,
    "token_counts": [
      858,
      815,
      863,
      866,
      832
    ]
  },
  "memory": {
    "gpu_memory_peak": 0.0,
    "gpu_memory_used": 0.0,
    "cpu_memory_used": 1819.390625
  }
}