{
  "model_info": {
    "name": "/data1/zhaofanghan/.cache/huggingface/hub/DeepSeek-R1-Distill-Qwen-1.5B",
    "device": "GPU: NVIDIA GeForce RTX 3090 (x8)",
    "batch_size": 5
  },
  "timing": {
    "total_time": 35.134411096572876,
    "avg_latency": 11.71109390258789,
    "p50_latency": 11.751895904541016,
    "p95_latency": 11.801694011688232,
    "p99_latency": 11.806120510101318,
    "time_to_first_token": 2.349176620182238,
    "time_per_output_token": 0.05498166151449714,
    "latencies": [
      11.80722713470459,
      11.751895904541016,
      11.574158668518066
    ],
    "first_token_times": [
      2.348560333251953,
      2.3897156715393066,
      2.3949999809265137,
      2.3722188472747803,
      2.3608663082122803,
      2.406217098236084,
      2.387544870376587,
      2.3356919288635254,
      2.3152995109558105,
      2.3113129138946533,
      2.3299190998077393,
      2.3633873462677,
      2.381199359893799,
      2.3646652698516846,
      2.347841739654541,
      2.2957046031951904,
      2.307955026626587,
      2.311601400375366,
      2.309654474258423
    ]
  },
  "throughput": {
    "tokens_per_second": 18.18729786714228,
    "requests_per_second": 0.0853863749631093,
    "token_counts": [
      212,
      215,
      212
    ]
  },
  "memory": {
    "gpu_memory_peak": 1581.576171875,
    "gpu_memory_used": 1553.99072265625,
    "cpu_memory_used": 3862.95703125
  }
}