{
  "model_info": {
    "name": "/data1/zhaofanghan/.cache/huggingface/hub/DeepSeek-R1-Distill-Qwen-1.5B",
    "device": "GPU: NVIDIA GeForce RTX 3090 (x8)",
    "batch_size": 5
  },
  "timing": {
    "total_time": 19.30529499053955,
    "avg_latency": 6.434771219889323,
    "p50_latency": 6.416438579559326,
    "p95_latency": 6.481192469596863,
    "p99_latency": 6.486948370933533,
    "time_to_first_token": 1.3421560839602822,
    "time_per_output_token": 0.030305044991629466,
    "latencies": [
      6.4883873462677,
      6.416438579559326,
      6.399487733840942
    ],
    "first_token_times": [
      2.3086841106414795,
      1.2654826641082764,
      1.2886996269226074,
      1.3373563289642334,
      1.3089599609375,
      1.3048064708709717,
      1.3143181800842285,
      1.2944116592407227,
      1.2646353244781494,
      1.2625865936279297,
      1.2693982124328613,
      1.2942676544189453,
      1.3215701580047607,
      1.2673845291137695,
      1.2940406799316406,
      1.2629461288452148,
      1.282165288925171,
      1.261556625366211,
      1.2976953983306885
    ]
  },
  "throughput": {
    "tokens_per_second": 32.99612879845442,
    "requests_per_second": 0.1553977808404447,
    "token_counts": [
      212,
      204,
      221
    ]
  },
  "memory": {
    "gpu_memory_peak": 3407.9677734375,
    "gpu_memory_used": 3397.65185546875,
    "cpu_memory_used": 1802.546875
  }
}