{
  "model_info": {
    "name": "/data1/zhaofanghan/.cache/huggingface/hub/DeepSeek-R1-Distill-Qwen-1.5B",
    "device": "GPU: NVIDIA GeForce RTX 3090 (x8)",
    "batch_size": 5
  },
  "timing": {
    "total_time": 36.187103033065796,
    "avg_latency": 12.061861832936605,
    "p50_latency": 12.080649852752686,
    "p95_latency": 12.198939990997314,
    "p99_latency": 12.209454669952393,
    "time_to_first_token": 2.4118432371239913,
    "time_per_output_token": 0.056188797358400336,
    "latencies": [
      11.892852306365967,
      12.212083339691162,
      12.080649852752686
    ],
    "first_token_times": [
      2.3743984699249268,
      2.3774101734161377,
      2.4135842323303223,
      2.479567050933838,
      2.3993639945983887,
      2.3823509216308594,
      2.3744423389434814,
      2.3741185665130615,
      2.3605620861053467,
      2.3788414001464844,
      2.4996321201324463,
      2.4865646362304688,
      2.422034978866577,
      2.4231762886047363,
      2.4184494018554688,
      2.522002696990967,
      2.3729958534240723,
      2.34822678565979,
      2.417299509048462
    ]
  },
  "throughput": {
    "tokens_per_second": 17.796395566993798,
    "requests_per_second": 0.08290246382139968,
    "token_counts": [
      215,
      220,
      209
    ]
  },
  "memory": {
    "gpu_memory_peak": 0.0,
    "gpu_memory_used": 0.0,
    "cpu_memory_used": 3768.2734375
  }
}