{
  "model_info": {
    "name": "/data1/zhaofanghan/.cache/huggingface/hub/DeepSeek-R1-Distill-Qwen-1.5B",
    "device": "GPU: NVIDIA GeForce RTX 3090 (x8)",
    "batch_size": 5
  },
  "timing": {
    "total_time": 19.480345726013184,
    "avg_latency": 6.493064483006795,
    "p50_latency": 6.468830347061157,
    "p95_latency": 6.562711954116821,
    "p99_latency": 6.571056985855103,
    "time_to_first_token": 1.351808648360403,
    "time_per_output_token": 0.030968511047727163,
    "latencies": [
      6.468830347061157,
      6.437219858169556,
      6.573143243789673
    ],
    "first_token_times": [
      2.3154895305633545,
      1.3013393878936768,
      1.2981231212615967,
      1.2942276000976562,
      1.2936327457427979,
      1.2943215370178223,
      1.2934629917144775,
      1.2970521450042725,
      1.288881540298462,
      1.285142183303833,
      1.2871427536010742,
      1.2851195335388184,
      1.2906553745269775,
      1.288008451461792,
      1.2944583892822266,
      1.3017208576202393,
      1.3216047286987305,
      1.2898340225219727,
      1.364147424697876
    ]
  },
  "throughput": {
    "tokens_per_second": 32.288954664704,
    "requests_per_second": 0.15400137359954214,
    "token_counts": [
      213,
      216,
      200
    ]
  },
  "memory": {
    "gpu_memory_peak": 0.0,
    "gpu_memory_used": 0.0,
    "cpu_memory_used": 1803.5859375
  }
}